substance,T2star_ms,sigma_T2star_ms
CuSO4,0.9113846005851062,0.22193353628537119
CuSO4-H2O,0.75545626462433,0.19419227464093078
H2O,0.6691469481163524,0.20603229351948774
Polystyrene,0.26703062334267796,0.11822265125725988
Glycerin,0.811164173549877,0.12134924208471996
PTFE,0.29795350972078727,0.013196713158649297
